{
  "homebrew_version": "3.3.11-103-g768b172",
  "used_options": [

  ],
  "unused_options": [

  ],
  "built_as_bottle": true,
  "poured_from_bottle": true,
  "installed_as_dependency": false,
  "installed_on_request": true,
  "changed_files": [
    "lib/pkgconfig/readline.pc",
    "share/doc/readline/INSTALL",
    "share/readline/rl-fgets.c"
  ],
  "time": 1662553274,
  "source_modified_time": 1605728412,
  "compiler": "clang",
  "aliases": [

  ],
  "runtime_dependencies": [

  ],
  "source": {
    "spec": "stable",
    "versions": {
      "stable": "8.1.2",
      "head": null,
      "version_scheme": 0
    },
    "path": "/goinfre/homebrew/Library/Taps/homebrew/homebrew-core/Formula/readline.rb",
    "tap_git_head": "b8adf7aaf56bf405db7c0d927fda5f7b37cbf283",
    "tap": "homebrew/core"
  },
  "arch": "x86_64",
  "built_on": {
    "os": "Macintosh",
    "os_version": "macOS 10.15.7",
    "cpu_family": "penryn",
    "xcode": "12.4",
    "clt": "12.0.0.32.29",
    "preferred_perl": "5.18"
  }
}